state,year,period,value,footnotes
Washington,2016,M12,3666401,Reflects revised population controls and model reestimation.
Washington,2016,M11,3671129,Reflects revised population controls and model reestimation.
Washington,2016,M10,3681300,Reflects revised population controls and model reestimation.
Washington,2016,M09,3666453,Reflects revised population controls and model reestimation.
Washington,2016,M08,3658770,Reflects revised population controls and model reestimation.
Washington,2016,M07,3675259,Reflects revised population controls and model reestimation.
Washington,2016,M06,3655602,Reflects revised population controls and model reestimation.
Washington,2016,M05,3625231,Reflects revised population controls and model reestimation.
Washington,2016,M04,3613072,Reflects revised population controls and model reestimation.
Washington,2016,M03,3624428,Reflects revised population controls and model reestimation.
Washington,2016,M02,3608103,Reflects revised population controls and model reestimation.
Washington,2016,M01,3580828,Reflects revised population controls and model reestimation.
Washington,2015,M12,3575366,Reflects revised population controls and model reestimation.
Washington,2015,M11,3563922,Reflects revised population controls and model reestimation.
Washington,2015,M10,3562865,Reflects revised population controls and model reestimation.
Washington,2015,M09,3545691,Reflects revised population controls and model reestimation.
Washington,2015,M08,3547754,Reflects revised population controls and model reestimation.
Washington,2015,M07,3568691,Reflects revised population controls and model reestimation.
Washington,2015,M06,3558147,Reflects revised population controls and model reestimation.
Washington,2015,M05,3545409,Reflects revised population controls and model reestimation.
Washington,2015,M04,3520607,Reflects revised population controls and model reestimation.
Washington,2015,M03,3524104,Reflects revised population controls and model reestimation.
Washington,2015,M02,3524088,Reflects revised population controls and model reestimation.
Washington,2015,M01,3511413,Reflects revised population controls and model reestimation.
Washington,2014,M12,3510333,Reflects revised population controls and model reestimation.
Washington,2014,M11,3515666,Reflects revised population controls and model reestimation.
Washington,2014,M10,3522841,Reflects revised population controls and model reestimation.
Washington,2014,M09,3502381,Reflects revised population controls and model reestimation.
Washington,2014,M08,3502870,Reflects revised population controls and model reestimation.
Washington,2014,M07,3522184,Reflects revised population controls and model reestimation.
Washington,2014,M06,3493360,Reflects revised population controls and model reestimation.
Washington,2014,M05,3472799,Reflects revised population controls and model reestimation.
Washington,2014,M04,3452508,Reflects revised population controls and model reestimation.
Washington,2014,M03,3477011,Reflects revised population controls and model reestimation.
Washington,2014,M02,3467694,Reflects revised population controls and model reestimation.
Washington,2014,M01,3445693,Reflects revised population controls and model reestimation.
Washington,2013,M12,3450281,Reflects revised population controls and model reestimation.
Washington,2013,M11,3456247,Reflects revised population controls and model reestimation.
Washington,2013,M10,3464438,Reflects revised population controls and model reestimation.
Washington,2013,M09,3463960,Reflects revised population controls and model reestimation.
Washington,2013,M08,3467611,Reflects revised population controls and model reestimation.
Washington,2013,M07,3491525,Reflects revised population controls and model reestimation.
Washington,2013,M06,3483843,Reflects revised population controls and model reestimation.
Washington,2013,M05,3459932,Reflects revised population controls and model reestimation.
Washington,2013,M04,3446803,Reflects revised population controls and model reestimation.
Washington,2013,M03,3453116,Reflects revised population controls and model reestimation.
Washington,2013,M02,3457404,Reflects revised population controls and model reestimation.
Washington,2013,M01,3451261,Reflects revised population controls and model reestimation.
Washington,2012,M12,3451211,Reflects revised population controls and model reestimation.
Washington,2012,M11,3452360,Reflects revised population controls and model reestimation.
Washington,2012,M10,3479546,Reflects revised population controls and model reestimation.
Washington,2012,M09,3465887,Reflects revised population controls and model reestimation.
Washington,2012,M08,3466593,Reflects revised population controls and model reestimation.
Washington,2012,M07,3497982,Reflects revised population controls and model reestimation.
Washington,2012,M06,3495013,Reflects revised population controls and model reestimation.
Washington,2012,M05,3477294,Reflects revised population controls and model reestimation.
Washington,2012,M04,3459777,Reflects revised population controls and model reestimation.
Washington,2012,M03,3479429,Reflects revised population controls and model reestimation.
Washington,2012,M02,3476072,Reflects revised population controls and model reestimation.
Washington,2012,M01,3454220,Reflects revised population controls and model reestimation.
Washington,2011,M12,3452679,
Washington,2011,M11,3451815,
Washington,2011,M10,3467602,
Washington,2011,M09,3459828,
Washington,2011,M08,3465034,
Washington,2011,M07,3480001,
Washington,2011,M06,3474431,
Washington,2011,M05,3457433,
Washington,2011,M04,3446853,
Washington,2011,M03,3462275,
Washington,2011,M02,3461174,
Washington,2011,M01,3458007,
Washington,2010,M12,3465942,
Washington,2010,M11,3485054,
Washington,2010,M10,3496906,
Washington,2010,M09,3501703,
Washington,2010,M08,3514797,
Washington,2010,M07,3531665,
Washington,2010,M06,3527416,
Washington,2010,M05,3517225,
Washington,2010,M04,3524629,
Washington,2010,M03,3531360,
Washington,2010,M02,3522418,
Washington,2010,M01,3516790,
Washington,2009,M12,3518357,
Washington,2009,M11,3525606,
Washington,2009,M10,3549369,
Washington,2009,M09,3555553,
Washington,2009,M08,3565648,
Washington,2009,M07,3581844,
Washington,2009,M06,3560592,
Washington,2009,M05,3524785,
Washington,2009,M04,3512984,
Washington,2009,M03,3513817,
Washington,2009,M02,3516914,
Washington,2009,M01,3496935,
Washington,2008,M12,3501430,
Washington,2008,M11,3501337,
Washington,2008,M10,3509314,
Washington,2008,M09,3487702,
Washington,2008,M08,3497910,
Washington,2008,M07,3511200,
Washington,2008,M06,3488407,
Washington,2008,M05,3457960,
Washington,2008,M04,3446477,
Washington,2008,M03,3455448,
Washington,2008,M02,3446201,
Washington,2008,M01,3439540,
Washington,2007,M12,3439909,
Washington,2007,M11,3443663,
Washington,2007,M10,3437513,
Washington,2007,M09,3423234,
Washington,2007,M08,3415016,
Washington,2007,M07,3435971,
Washington,2007,M06,3415482,
Washington,2007,M05,3379192,
Washington,2007,M04,3364694,
Washington,2007,M03,3374113,
Washington,2007,M02,3361110,
Washington,2007,M01,3348067,
Washington,2006,M12,3358417,
Washington,2006,M11,3351324,
Washington,2006,M10,3348480,
Washington,2006,M09,3328986,
Washington,2006,M08,3337655,
Washington,2006,M07,3351809,
Washington,2006,M06,3336242,
Washington,2006,M05,3305898,
Washington,2006,M04,3292834,
Washington,2006,M03,3302267,
Washington,2006,M02,3294741,
Washington,2006,M01,3278599,
Washington,2005,M12,3284711,
Washington,2005,M11,3288970,
Washington,2005,M10,3297378,
Washington,2005,M09,3275011,
Washington,2005,M08,3285499,
Washington,2005,M07,3297504,
Washington,2005,M06,3275804,
Washington,2005,M05,3247714,
Washington,2005,M04,3235013,
Washington,2005,M03,3233053,
Washington,2005,M02,3229435,
Washington,2005,M01,3214346,
Washington,2004,M12,3226695,
Washington,2004,M11,3218970,
Washington,2004,M10,3217029,
Washington,2004,M09,3193804,
Washington,2004,M08,3205972,
Washington,2004,M07,3224262,
Washington,2004,M06,3209124,
Washington,2004,M05,3175900,
Washington,2004,M04,3172455,
Washington,2004,M03,3184839,
Washington,2004,M02,3175155,
Washington,2004,M01,3160931,
Washington,2003,M12,3160057,
Washington,2003,M11,3156786,
Washington,2003,M10,3150785,
Washington,2003,M09,3128659,
Washington,2003,M08,3135249,
Washington,2003,M07,3146819,
Washington,2003,M06,3137720,
Washington,2003,M05,3099859,
Washington,2003,M04,3101351,
Washington,2003,M03,3109692,
Washington,2003,M02,3107413,
Washington,2003,M01,3094462,
Washington,2002,M12,3092317,
Washington,2002,M11,3089309,
Washington,2002,M10,3106835,
Washington,2002,M09,3098297,
Washington,2002,M08,3099752,
Washington,2002,M07,3111553,
Washington,2002,M06,3092932,
Washington,2002,M05,3066758,
Washington,2002,M04,3063633,
Washington,2002,M03,3069399,
Washington,2002,M02,3064752,
Washington,2002,M01,3038538,
Washington,2001,M12,3044467,
Washington,2001,M11,3033301,
Washington,2001,M10,3038118,
Washington,2001,M09,3022716,
Washington,2001,M08,3026210,
Washington,2001,M07,3060119,
Washington,2001,M06,3046431,
Washington,2001,M05,3026815,
Washington,2001,M04,3028879,
Washington,2001,M03,3054313,
Washington,2001,M02,3048938,
Washington,2001,M01,3042099,
Washington,2000,M12,3043707,
Washington,2000,M11,3037242,
Washington,2000,M10,3047418,
Washington,2000,M09,3030356,
Washington,2000,M08,3058578,
Washington,2000,M07,3077981,
Washington,2000,M06,3078825,
Washington,2000,M05,3052970,
Washington,2000,M04,3060235,
Washington,2000,M03,3081359,
Washington,2000,M02,3076976,
Washington,2000,M01,3066412,
